Locus_Tag,gene,function,
b0016,yi81_1,"IS, phage, Tn; Transposon-related functions",
b0017,yi82_1,"IS, phage, Tn; Transposon-related functions",
b0018,sokC,component of addiction module,
b0019,nhaA,transport; Transport of small molecules: Cations,
b0020,nhaR,regulator; Transport of small molecules: Cations,
b0022,insA_1,"IS, phage, Tn; Transposon-related functions",
b0150,fhuA,membrane; Outer membrane constituents,
b0151,fhuC,transport; Transport of small molecules: Cations,
b0152,fhuD,transport; Transport of small molecules: Cations,
b0153,fhuB,transport; Transport of small molecules: Cations,
b0246,yafW,orf; Unknown,
b0247,ykfG,putative enzyme; Not classified,
b0248,yafX,orf; Unknown,
b0249,ykfF,orf; Unknown,
b0250,ykfB,orf; Unknown,
b0251,yafY,orf; Unknown,
b0252,yafZ,orf; Unknown,
b0253,ykfA,orf; Not classified,
b0254,perR,putative regulator; Not classified,
b0255,yi91a,"IS, phage, Tn; Transposon-related functions",
b0257,b0257,"IS, phage, Tn; Not classified",
b0258,ykfC,orf; Unknown,
b0260,mmuP,putative transport; Not classified,
b0261,mmuM,putative enzyme; Not classified,
b0262,afuC,putative transport; Not classified,
b0263,afuB,putative transport; Not classified,
b0265,insA_2,"IS, phage, Tn; Transposon-related functions",
b0266,yagB,orf; Unknown,
b0267,yagA,orf; Unknown,
b0268,yagE,putative enzyme; Not classified,
b0269,yagF,putative enzyme; Not classified,
b0270,yagG,putative transport; Not classified,
b0271,yagH,putative enzyme; Not classified,
b0272,yagI,putative regulator; Not classified,
b0273,argF,enzyme; Amino acid biosynthesis: Arginine,
b0276,yagJ,orf; Unknown,
b0277,yagK,orf; Unknown,
b0278,yagL,phenotype; Not classified,
b0279,yagM,orf; Unknown,
b0280,yagN,orf; Unknown,
b0281,intF,"IS, phage, Tn; Not classified",
b0282,yagP,putative regulator; Not classified,
b0283,yagQ,orf; Unknown,
b0284,yagR,orf; Unknown,
b0285,yagS,orf; Unknown,
b0286,yagT,putative enzyme; Not classified,
b0287,yagU,orf; Unknown,
b0288,ykgJ,putative carrier; Not classified,
b0289,yagV,orf; Unknown,
b0290,yagW,putative factor; Not classified,
b0291,yagX,putative enzyme; Not classified,
b0292,yagY,orf; Unknown,
b0293,yagZ,orf; Unknown,
b0294,ykgK,putative regulator; Not classified,
b0295,ykgL,orf; Unknown,
b0296,ykgM,putative structure; Not classified,
b0297,eaeH,factor; Not classified,
b0300,ykgA,putative regulator; Not classified,
b0301,ykgB,orf; Unknown,
b0303,ykgI,orf; Unknown,
b0304,ykgC,putative enzyme; Not classified,
b0305,ykgD,putative regulator; Not classified,
b0306,ykgE,putative enzyme; Not classified,
b0307,ykgF,orf; Unknown,
b0308,ykgG,putative transport; Not classified,
b0309,b0309,orf; Unknown,
b0310,ykgH,orf; Unknown,
b0315,yahA,orf; Unknown,
b0316,yahB,putative regulator; Not classified,
b0317,yahC,orf; Unknown,
b0318,yahD,putative regulator; Not classified,
b0319,yahE,orf; Unknown,
b0320,yahF,putative enzyme; Not classified,
b0321,yahG,orf; Unknown,
b0323,yahI,putative enzyme; Not classified,
b0324,yahJ,putative enzyme; Not classified,
b0325,yahK,putative enzyme; Not classified,
b0326,yahL,orf; Unknown,
b0327,yahM,orf; Unknown,
b0328,yahN,putative enzyme; Not classified,
b0329,yahO,orf; Unknown,
b0330,prpR,regulator; Not classified,
b0331,prpB,putative enzyme; Not classified,
b0333,prpC,putative enzyme; Not classified,
b0334,prpD,orf; Unknown,
b0335,prpE,putative enzyme; Not classified,
b0336,codB,"transport; Transport of small molecules: Nucleosides, purines,",pyrimidines
b0337,codA,enzyme; Salvage of nucleosides and nucleotides,
b0338,cynR,"regulator; Central intermediary metabolism: Pool, multipurpose",conversions
b0339,cynT,"enzyme; Central intermediary metabolism: Pool, multipurpose",conversions
b0340,cynS,"enzyme; Central intermediary metabolism: Pool, multipurpose",conversions
b0341,cynX,transport; Transport of small molecules: Anions,
b0342,lacA,enzyme; Degradation of small molecules: Carbon compounds,
b0343,lacY,"transport; Transport of small molecules: Carbohydrates, organic","acids, alcohols"
b0344,lacZ,enzyme; Degradation of small molecules: Carbon compounds,
b0345,lacI,regulator; Degradation of small molecules: Carbon compounds,
b0346,mhpR,regulator; Not classified,
b0347,mhpA,enzyme; Degradation of small molecules: Carbon compounds,
b0348,mhpB,enzyme; Degradation of small molecules: Carbon compounds,
b0349,mhpC,enzyme; Degradation of small molecules: Carbon compounds,
b0350,mhpD,enzyme; Degradation of small molecules: Carbon compounds,
b0351,mhpF,enzyme; Degradation of small molecules: Carbon compounds,
b0352,mhpE,enzyme; Degradation of small molecules: Carbon compounds,
b0353,mhpT,putative transport; Not classified,
b0354,yaiL,putative enzyme; Not classified,
b0358,yaiO,orf; Unknown,
b0359,b0359,putative enzyme; Not classified,
b0360,yi21_1,"IS, phage, Tn; Transposon-related functions",
b0361,yi22_1,"IS, phage, Tn; Transposon-related functions",
b0362,b0362,orf; Unknown,
b0363,yaiP,putative enzyme; Not classified,
b0364,yaiS,orf; Unknown,
b0365,tauA,"transport; Transport of small molecules: Amino acids, amines",
b0366,tauB,"transport; Transport of small molecules: Amino acids, amines",
b0367,tauC,"transport; Transport of small molecules: Amino acids, amines",
b0368,tauD,putative enzyme; Not classified,
b0370,b0370,orf; Unknown,
b0371,yaiT,orf; Unknown,
b0372,tra5_1,"IS, phage, Tn; Transposon-related functions",
b0373,b0373,putative factor; Not classified,
b0374,yaiU,putative structure; Not classified,
b0375,yaiV,orf; Unknown,
b0376,ampH,putative enzyme; Not classified,
b0377,sbmA,putative membrane; Drug/analog sensitivity,
b0378,yaiW,orf; Unknown,
b0379,yaiY,orf; Unknown,
b0380,yaiZ,orf; Unknown,
b0484,copA,putative enzyme; Not classified,
b0485,ybaS,putative enzyme; Not classified,
b0486,ybaT,putative transport; Not classified,
b0487,cueR,putative transport; Not classified,
b0488,ybbJ,orf; Unknown,
b0489,ybbK,putative enzyme; Not classified,
b0490,ybbL,putative transport; Not classified,
b0491,ybbM,putative transport; Drug/analog sensitivity,
b0492,ybbN,putative enzyme; Not classified,
b0493,ybbO,putative enzyme; Not classified,
b0494,tesA,enzyme; Fatty acid and phosphatidic acid biosynthesis,
b0495,ybbA,putative transport; Not classified,
b0496,ybbP,putative enzyme; Not classified,
b0497,rhsD,orf; Transposon-related functions,
b0498,ybbC,orf; Unknown,
b0499,b0499,orf; Unknown,
b0500,ybbD,orf; Unknown,
b0501,b0501,orf; Unknown,
b0502,b0502,orf; Unknown,
b0503,ybbB,phenotype; Surface polysaccharides & antigens,
b0504,ybbS,putative regulator; Not classified,
b0505,allA,orf; Unknown,
b0506,allR,putative regulator; Not classified,
b0507,gcl,"enzyme; Central intermediary metabolism: Pool, multipurpose",conversions
b0508,hyi,phenotype; Not classified,
b0509,glxR,putative enzyme; Not classified,
b0510,ybbV,orf; Unknown,
b0511,allP,putative transport; Not classified,
b0512,allB,putative enzyme; Not classified,
b0513,ybbY,putative transport; Not classified,
b0514,glxK,orf; Unknown,
b0515,ylbA,orf; Unknown,
b0516,allC,phenotype; Not classified,
b0517,allD,putative enzyme; Not classified,
b0518,fdrA,"transport; Protein, peptide secretion",
b0519,ylbE,orf; Unknown,
b0538,b0538,putative regulator; Not classified,
b0539,b0539,putative enzyme; Not classified,
b0542,b0542,orf; Unknown,
b0543,emrE,transport; Drug/analog sensitivity,
b0544,ybcK,orf; Unknown,
b0545,ybcL,orf; Unknown,
b0546,ybcM,putative regulator; Not classified,
b0547,ybcN,orf; Unknown,
b0548,ninE,"IS, phage, Tn; Phage-related functions and prophages",
b0549,ybcO,orf; Unknown,
b0550,rus,enzyme; Degradation of DNA,
b0551,ybcQ,orf; Unknown,
b0553,nmpC,"IS, phage, Tn; Phage-related functions and prophages",
b0554,ybcR,orf; Unknown,
b0555,ybcS,"IS, phage, Tn; Phage-related functions and prophages",
b0556,ybcT,"IS, phage, Tn; Phage-related functions and prophages",
b0557,ybcU,"IS, phage, Tn; Phage-related functions and prophages",
b0558,ybcV,putative structure; Not classified,
b0559,ybcW,orf; Unknown,
b0561,ybcX,orf; Unknown,
b0562,ybcY,orf; Unknown,
b0563,ylcE,orf; Unknown,
b0564,appY,"regulator; Central intermediary metabolism: Pool, multipurpose",conversions
b0565,ompT,enzyme; Outer membrane constituents,
b0577,ybdG,putative transport; Not classified,
b0578,nfnB,enzyme; Drug/analog sensitivity,
b0579,ybdF,orf; Unknown,
b0580,ybdJ,orf; Unknown,
b0581,ybdK,orf; Unknown,
b0644,ybeQ,orf; Unknown,
b0645,ybeR,orf; Unknown,
b0646,ybeS,putative enzyme; Not classified,
b0647,ybeT,orf; Unknown,
b0648,ybeU,putative enzyme; Not classified,
b0649,ybeV,orf; Unknown,
b0650,hscC,putative enzyme; Not classified,
b0655,gltI,putative transport; Not classified,
b0699,ybfA,orf; Unknown,
b0700,rhsC,orf; Transposon-related functions,
b0702,ybfB,orf; Unknown,
b0703,ybfO,orf; Unknown,
b0704,ybfC,orf; Unknown,
b0705,ybfL,putative factor; Not classified,
b0706,ybfD,putative enzyme; Not classified,
b0730,farR,"regulator; Energy metabolism, carbon: TCA cycle",
b0731,hrsA,enzyme; Proteins - translation and modification,
b0732,ybgG,putative enzyme; Not classified,
b0786,ybhL,orf; Unknown,
b0787,ybhM,orf; Unknown,
b0788,ybhN,orf; Unknown,
b0789,ybhO,orf; Not classified,
b0790,ybhP,orf; Unknown,
b0791,ybhQ,orf; Unknown,
b0792,ybhR,orf; Unknown,
b0793,ybhS,orf; Unknown,
b0794,ybhF,putative transport; Not classified,
b0795,ybhG,putative membrane; Not classified,
b0796,ybiH,putative regulator; Not classified,
b0797,rhlE,putative enzyme; Not classified,
b0798,ybiA,orf; Unknown,
b0799,dinG,"putative enzyme; DNA - replication, repair,",restriction/modification
b0800,ybiB,putative enzyme; Not classified,
b0801,ybiC,putative enzyme; Not classified,
b0802,ybiJ,orf; Unknown,
b0803,ybiI,orf; Unknown,
b0804,ybiX,putative enzyme; Not classified,
b0805,ybiL,putative membrane; Not classified,
b0806,ybiM,orf; Unknown,
b0807,ybiN,orf; Unknown,
b0808,ybiO,putative transport; Not classified,
b0809,glnQ,"transport; Transport of small molecules: Amino acids, amines",
b0810,glnP,"transport; Transport of small molecules: Amino acids, amines",
b0811,glnH,"transport; Transport of small molecules: Amino acids, amines",
b0812,dps,regulator; Global regulatory functions,
b0813,ybiF,putative membrane; Not classified,
b0814,ompX,membrane; Outer membrane constituents,
b0815,ybiP,putative enzyme; Not classified,
b0816,b0816,orf; Unknown,
b0817,mntR,putative transport; Not classified,
b0818,ybiR,orf; Unknown,
b0819,ybiS,orf; Unknown,
b0820,ybiT,putative transport; Not classified,
b0821,ybiU,orf; Unknown,
b0822,ybiV,orf; Unknown,
b0823,ybiW,putative enzyme; Not classified,
b0824,ybiY,putative enzyme; Not classified,
b0825,fsa,putative enzyme; Not classified,
b0826,moeB,"enzyme; Biosynthesis of cofactors, carriers: Molybdopterin",
b0827,moeA,"enzyme; Biosynthesis of cofactors, carriers: Molybdopterin",
b0828,ybiK,orf; Not classified,
b0829,yliA,putative transport; Not classified,
b0830,yliB,putative transport; Not classified,
b0831,yliC,putative transport; Not classified,
b0832,yliD,putative transport; Not classified,
b0833,yliE,orf; Unknown,
b0834,yliF,orf; Unknown,
b0835,yliG,orf; Unknown,
b0836,yliH,putative factor; Not classified,
b0837,yliI,putative enzyme; Not classified,
b0838,yliJ,putative enzyme; Not classified,
b0839,dacC,"enzyme; Murein sacculus, peptidoglycan",
b0840,deoR,regulator; Salvage of nucleosides and nucleotides,
b0938,ycbQ,putative structure; Not classified,
b0939,ycbR,putative factor; Not classified,
b0940,ycbS,putative membrane; Not classified,
b0941,ycbT,putative structure; Not classified,
b0942,ycbU,putative structure; Not classified,
b0943,ycbV,putative structure; Not classified,
b0944,ycbF,putative factor; Not classified,
b0980,appA,"enzyme; Central intermediary metabolism: Pool, multipurpose",conversions
b0981,yccC,orf; Unknown,
b0982,yccY,putative enzyme; Not classified,
b0983,yccZ,phenotype; Not classified,
b0984,ymcA,orf; Unknown,
b0985,ymcB,orf; Unknown,
b0986,ymcC,putative regulator; Not classified,
b0987,ymcD,orf; Unknown,
b0989,cspH,phenotype; Not classified,
b0990,cspG,phenotype; Not classified,
b0991,sfa,phenotype; Not classified,
b0992,yccM,orf; Unknown,
b0993,torS,"enzyme; Energy metabolism, carbon: Anaerobic respiration",
b0994,torT,"regulator; Energy metabolism, carbon: Anaerobic respiration",
b0995,torR,"regulator; Energy metabolism, carbon: Anaerobic respiration",
b0996,torC,"enzyme; Energy metabolism, carbon: Anaerobic respiration",
b0997,torA,"enzyme; Energy metabolism, carbon: Anaerobic respiration",
b0998,torD,"enzyme; Energy metabolism, carbon: Anaerobic respiration",
b0999,yccD,orf; Unknown,
b1000,cbpA,factor; Chaperones,
b1001,yccE,orf; Unknown,
b1002,agp,"enzyme; Central intermediary metabolism: Pool, multipurpose",conversions
b1003,yccJ,orf; Unknown,
b1004,wrbA,regulator; Amino acid biosynthesis: Tryptophan,
b1005,ycdF,orf; Unknown,
b1006,ycdG,putative transport; Not classified,
b1007,ycdH,orf; Unknown,
b1008,ycdI,putative enzyme; Not classified,
b1009,ycdJ,putative enzyme; Not classified,
b1010,ycdK,orf; Unknown,
b1011,ycdL,putative enzyme; Not classified,
b1012,ycdM,orf; Unknown,
b1013,ycdC,putative regulator; Not classified,
b1014,putA,enzyme; Degradation of small molecules: Amino acids,
b1015,putP,transport; Transport of small molecules: Cations,
b1016,ycdN_1,orf; Unknown,
b1017,ycdN_2,putative carrier; Not classified,
b1018,ycdO,orf; Unknown,
b1019,ycdB,orf; Unknown,
b1020,phoH,regulator; Central intermediary metabolism: Phosphorus,compounds
b1021,ycdP,orf; Unknown,
b1022,ycdQ,orf; Unknown,
b1023,ycdR,orf; Unknown,
b1024,ycdS,putative membrane; Not classified,
b1025,ycdT,orf; Unknown,
b1026,tra5_3,"IS, phage, Tn; Transposon-related functions",
b1028,b1028,orf; Unknown,
b1029,ycdU,orf; Unknown,
b1031,ycdV,Not classified,
b1033,ycdW,putative enzyme; Not classified,
b1034,ycdX,orf; Unknown,
b1035,ycdY,putative enzyme; Not classified,
b1036,ycdZ,orf; Unknown,
b1037,csgG,structural component; Surface structures,
b1038,csgF,structural component; Surface structures,
b1039,csgE,structural component; Surface structures,
b1040,csgD,putative regulator; Not classified,
b1041,csgB,structural component; Surface structures,
b1042,csgA,regulator; Surface structures,
b1043,csgC,putative structure; Not classified,
b1044,ymdA,orf; Unknown,
b1045,ymdB,orf; Unknown function,
b1046,ymdC,putative enzyme; Not classified,
b1047,mdoC,orf; Unknown,
b1048,mdoG,enzyme; Osmotic adaptation,
b1049,mdoH,enzyme; Osmotic adaptation,
b1050,yceK,orf; Unknown,
b1051,msyB,"phenotype; Protein, peptide secretion",
b1052,b1052,orf; Unknown,
b1070,flgN,phenotype; Surface structures,
b1071,flgM,factor; Surface structures,
b1072,flgA,putative structure; Surface structures,
b1073,flgB,structural component; Surface structures,
b1074,flgC,structural component; Surface structures,
b1075,flgD,putative structure; Surface structures,
b1076,flgE,structural component; Surface structures,
b1077,flgF,structural component; Surface structures,
b1078,flgG,structural component; Surface structures,
b1079,flgH,structural component; Surface structures,
b1080,flgI,putative structure; Surface structures,
b1081,flgJ,putative structure; Surface structures,
b1082,flgK,structural component; Surface structures,
b1083,flgL,structural component; Surface structures,
b1137,ymfD,orf; Unknown,
b1138,ymfE,orf; Unknown,
b1139,lit,membrane; Phage-related functions and prophages,
b1140,intE,"IS, phage, Tn; Phage-related functions and prophages",
b1141,xisE,orf; Unknown,
b1142,ymfH,orf; Unknown,
b1143,ymfI,orf; Unknown,
b1144,ymfJ,orf; Unknown,
b1145,ymfK,"IS, phage, Tn; Not classified",
b1146,b1146,orf; Unknown,
b1147,ymfL,orf; Unknown,
b1148,ymfM,orf; Unknown,
b1149,ymfN,orf; Unknown,
b1150,ymfR,orf; Unknown,
b1151,ymfO,orf; Unknown,
b1152,ymfP,orf; Unknown,
b1153,ymfQ,orf; Unknown,
b1154,ycfK,orf; Unknown,
b1155,ymfS,orf; Unknown,
b1156,tfaE,orf; Unknown,
b1157,stfE,"IS, phage, Tn; Not classified",
b1158,pin,membrane; Phage-related functions and prophages,
b1159,mcrA,enzyme; Degradation of DNA,
b1160,ycgW,orf; Unknown,
b1161,ycgX,orf; Unknown,
b1162,ycgE,putative regulator; Not classified,
b1163,ycgF,orf; Unknown,
b1164,ycgZ,orf; Unknown,
b1165,ymgA,orf; Unknown,
b1166,ymgB,orf; Unknown,
b1167,ymgC,orf; Unknown,
b1168,ycgG,putative enzyme; Not classified,
b1169,ycgH_1,putative transport; Not classified,
b1170,ycgH_2,putative transport; Not classified,
b1171,ymgD,orf; Unknown,
b1172,b1172,orf; Unknown,
b1325,ycjG,putative enzyme; Not classified,
b1326,ycjI,putative enzyme; Not classified,
b1327,ycjY,orf; Unknown,
b1328,ycjZ,putative regulator; Not classified,
b1329,mppA,putative transport; Not classified,
b1330,ynaI,orf; Unknown,
b1332,ynaJ,orf; Unknown,
b1333,ydaA,orf; Unknown,
b1336,abgT,putative transport; Not classified,
b1337,abgB,orf; Unknown,
b1338,abgA,putative enzyme; Not classified,
b1339,abgR,putative regulator; Not classified,
b1340,ydaL,orf; Unknown,
b1341,ydaM,orf; Unknown,
b1342,ydaN,orf; Unknown,
b1343,dbpA,"enzyme; RNA synthesis, modification, DNA transcription",
b1344,ydaO,orf; Unknown,
b1345,intR,putative transport; Not classified,
b1346,xisR,orf; Unknown,
b1347,ydaC,orf; Unknown,
b1348,lar,enzyme; Phage-related functions and prophages,
b1349,recT,"enzyme; DNA - replication, repair, restriction/modification",
b1350,recE,enzyme; Degradation of DNA,
b1351,racC,membrane; Phage-related functions and prophages,
b1352,kilR,orf; Unknown,
b1353,sieB,phenotype; Phage-related functions and prophages,
b1354,b1354,orf; Unknown,
b1355,ydaG,orf; Unknown,
b1356,racR,orf; Unknown,
b1357,ydaS,orf; Unknown,
b1358,ydaT,orf; Unknown,
b1359,ydaU,orf; Unknown,
b1360,ydaV,putative factor; Not classified,
b1361,ydaW,orf; Unknown,
b1362,rzpR,"IS, phage, Tn; Not classified",
b1363,trkG,transport; Transport of small molecules: Cations,
b1364,b1364,orf; Unknown,
b1365,ynaK,orf; Unknown,
b1366,ydaY,orf; Unknown,
b1367,b1367,orf; Unknown,
b1368,ynaA,orf; Not classified,
b1369,b1369,orf; Unknown,
b1370,trs5_5,"IS, phage, Tn; Transposon-related functions",
b1371,b1371,orf; Unknown,
b1372,stfR,putative membrane; Not classified,
b1374,pinR,"IS, phage, Tn; Not classified",
b1375,ynaE,orf; Unknown,
b1376,ynaF,putative structure; Not classified,
b1377,ompN,putative membrane; Not classified,
b1378,ydbK,putative enzyme; Not classified,
b1379,hslJ,"factor; Adaptations, atypical conditions",
b1380,ldhA,"enzyme; Energy metabolism, carbon: Fermentation",
b1381,ydbH,orf; Unknown,
b1382,ynbE,orf; Unknown,
b1383,ydbL,orf; Unknown,
b1384,feaR,regulator; Not classified,
b1385,feaB,enzyme; Degradation of small molecules: Carbon compounds,
b1386,tynA,enzyme; Degradation of small molecules: Amines,
b1387,paaZ,putative enzyme; Not classified,
b1388,paaA,orf; Unknown,
b1389,paaB,orf; Unknown,
b1390,paaC,orf; Unknown,
b1391,paaD,orf; Unknown,
b1392,paaE,putative enzyme; Not classified,
b1393,paaF,putative enzyme; Not classified,
b1394,paaG,putative enzyme; Not classified,
b1395,paaH,putative enzyme; Not classified,
b1396,paaI,orf; Unknown,
b1397,paaJ,putative enzyme; Not classified,
b1398,paaK,orf; Unknown,
b1399,paaX,orf; Unknown,
b1400,paaY,putative enzyme; Not classified,
b1401,ydbA_1,orf; Unknown function,
b1402,yi22_2,"IS, phage, Tn; Transposon-related functions",
b1405,ydbA_2,orf; Unknown function,
b1406,ydbC,putative enzyme; Not classified,
b1407,ydbD,orf; Unknown,
b1408,ynbA,putative enzyme; Not classified,
b1409,ynbB,putative enzyme; Central intermediary metabolism: Nucleotide,interconversions
b1410,ynbC,orf; Unknown,
b1411,ynbD,putative enzyme; Not classified,
b1438,ydcQ,orf; Unknown,
b1439,ydcR,putative regulator; Not classified,
b1440,ydcS,putative transport; Not classified,
b1441,ydcT,putative transport; Not classified,
b1442,ydcU,putative transport; Not classified,
b1443,ydcV,putative transport; Not classified,
b1444,ydcW,putative enzyme; Not classified,
b1445,ydcX,orf; Unknown,
b1446,ydcY,orf; Unknown,
b1447,ydcZ,orf; Unknown,
b1448,yncA,putative transport; Drug/analog sensitivity,
b1449,yncB,putative enzyme; Not classified,
b1450,yncC,orf; Unknown,
b1451,yncD,putative transport; Not classified,
b1452,yncE,putative factor; Not classified,
b1453,ansP,"transport; Transport of small molecules: Amino acids, amines",
b1454,yncG,putative enzyme; Not classified,
b1455,yncH,orf; Unknown,
b1456,rhsE,"IS, phage, Tn; Transposon-related functions",
b1457,ydcD,orf; Unknown,
b1458,b1458,orf; Unknown,
b1459,b1459,orf; Unknown,
b1461,ydcE,orf; Unknown,
b1462,yddH,orf; Unknown,
b1463,nhoA,putative enzyme; Not classified,
b1464,yddE,orf; Unknown,
b1465,narV,"enzyme; Energy metabolism, carbon: Anaerobic respiration",
b1466,narW,"enzyme; Energy metabolism, carbon: Anaerobic respiration",
b1467,narY,"enzyme; Energy metabolism, carbon: Anaerobic respiration",
b1468,narZ,"enzyme; Energy metabolism, carbon: Anaerobic respiration",
b1469,narU,transport; Transport of small molecules: Anions,
b1470,yddJ,orf; Unknown,
b1471,yddK,putative structure; Not classified,
b1472,b1472,putative membrane; Not classified,
b1473,yddG,orf; Unknown,
b1474,fdnG,"enzyme; Energy metabolism, carbon: Anaerobic respiration",
b1475,fdnH,"enzyme; Energy metabolism, carbon: Anaerobic respiration",
b1476,fdnI,"enzyme; Energy metabolism, carbon: Anaerobic respiration",
b1477,yddM,orf; Unknown,
b1478,adhP,"enzyme; Energy metabolism, carbon: Anaerobic respiration",
b1479,sfcA,enzyme; Central intermediary metabolism: Gluconeogenesis,
b1539,ydfG,putative enzyme; Not classified,
b1540,ydfH,orf; Unknown,
b1541,ydfZ,orf; Unknown,
b1542,ydfI,putative enzyme; Not classified,
b1543,ydfJ,putative transport; Not classified,
b1546,tfaQ,orf; Unknown,
b1547,stfQ,orf; Unknown,
b1548,nohA,"IS, phage, Tn; Phage-related functions and prophages",
b1549,ydfO,orf; Unknown,
b1550,gnsB,orf; Unknown,
b1551,ynfN,orf; Unknown,
b1552,cspI,phenotype; Not classified,
b1553,ydfP,orf; Unknown,
b1554,ydfQ,putative enzyme; Not classified,
b1555,ydfR,orf; Unknown,
b1556,essQ,orf; Unknown,
b1557,cspB,"phenotype; Adaptations, atypical conditions",
b1558,cspF,phenotype; Not classified,
b1559,ydfT,orf; Unknown,
b1560,ydfU,orf; Unknown,
b1561,rem,orf; Unknown,
b1562,hokD,factor; Cell killing component of addiction module (incomplete),
b1563,relE,orf; Unknown,
b1564,relB,regulator; Global regulatory functions,
b1565,ydfV,orf; Unknown,
b1566,flxA,orf; Unknown,
b1567,ydfW,orf; Unknown,
b1568,ydfX,orf; Unknown,
b1569,dicC,regulator; Cell division,
b1570,dicA,regulator; Cell division,
b1571,ydfA,orf; Unknown,
b1572,ydfB,orf; Unknown,
b1573,ydfC,orf; Unknown,
b1574,dicF,RNA; Cell division,
b1575,dicB,regulator; Cell division,
b1576,ydfD,orf; Unknown,
b1577,ydfE,orf; Unknown,
b1579,intQ,putative enzyme; Not classified,
b1786,yeaJ,orf; Unknown,
b1878,flhE,structural component; Surface structures,
b1879,flhA,structural component; Surface structures,
b1880,flhB,structural component; Not classified,
b1881,cheZ,regulator; Chemotaxis and mobility,
b1882,cheY,regulator; Chemotaxis and mobility,
b1883,cheB,enzyme; Chemotaxis and mobility,
b1884,cheR,enzyme; Chemotaxis and mobility,
b1885,tap,regulator; Chemotaxis and mobility,
b1886,tar,regulator; Chemotaxis and mobility,
b1887,cheW,regulator; Chemotaxis and mobility,
b1888,cheA,enzyme; Chemotaxis and mobility,
b1889,motB,structural component; Chemotaxis and mobility,
b1890,motA,phenotype; Chemotaxis and mobility,
b1891,flhC,regulator; Surface structures,
b1892,flhD,regulator; Surface structures,
b1894,insA_5,"IS, phage, Tn; Transposon-related functions",
b1917,yecC,putative transport; Not classified,
b1918,yecS,putative transport; Not classified,
b1919,yedO,putative enzyme; Not classified,
b1920,fliY,putative transport; Not classified,
b1921,fliZ,structural component; Unknown,
b1922,fliA,factor; Surface structures,
b1923,fliC,structural component; Surface structures,
b1924,fliD,putative structure; Surface structures,
b1925,fliS,regulator; Surface structures,
b1926,fliT,regulator; Surface structures,
b1927,amyA,enzyme; Degradation of polysaccharides,
b1928,yedD,orf; Unknown,
b1929,yedE,putative transport; Not classified,
b1930,yedF,orf; Unknown,
b1931,yedK,orf; Unknown,
b1932,yedL,orf; Unknown,
b1933,yedN_2,orf; Unknown,
b1934,yedN_1,orf; Unknown,
b1935,yedM,orf; Unknown,
b1936,b1936,orf; Unknown,
b1937,fliE,structural component; Surface structures,
b1938,fliF,structural component; Surface structures,
b1939,fliG,structural component; Surface structures,
b1940,fliH,transport; Surface structures,
b1941,fliI,enzyme; Surface structures,
b1942,fliJ,structural component; Surface structures,
b1943,fliK,structural component; Surface structures,
b1944,fliL,putative structure; Surface structures,
b1945,fliM,structural component; Surface structures,
b1946,fliN,structural component; Surface structures,
b1947,fliO,putative structure; Surface structures,
b1948,fliP,putative structure; Surface structures,
b1949,fliQ,putative structure; Surface structures,
b1950,fliR,putative enzyme; Surface structures,
b1994,insH1,"IS, phage, Tn; Transposon-related functions; extrachromosomal;",transposon related
b1995,b1995,orf; Unknown,
b1998,b1998,orf; Unknown,
b1999,yeeP,putative structure; Not classified,
b2000,flu,membrane; Outer membrane constituents,
b2001,yeeR,orf; Unknown,
b2002,yeeS,putative enzyme; Not classified,
b2003,yeeT,orf; Unknown,
b2004,yeeU,putative structure; Not classified,
b2005,yeeV,orf; Unknown,
b2006,yeeW,orf; Unknown,
b2007,yeeX,phenotype; Not classified,
b2008,yeeA,orf; Unknown,
b2029,gnd,"enzyme; Energy metabolism, carbon: Oxidative branch, pentose",pathway
b2031,wbbL,putative enzyme; Not classified,
b2032,wbbK,putative enzyme; Not classified,
b2033,wbbJ,putative enzyme; Not classified,
b2034,wbbI,putative enzyme; Not classified,
b2035,wbbH,enzyme; Macromolecule metabolism: Lipopolysaccharide,
b2036,glf,enzyme; Degradation of small molecules: Carbon compounds,
b2037,rfbX,putative transport; Surface polysaccharides & antigens,
b2038,rfbC,enzyme; Central intermediary metabolism: Sugar-nucleotide,"biosynthesis, conversions"
b2039,rfbA,enzyme; Central intermediary metabolism: Sugar-nucleotide,"biosynthesis, conversions"
b2040,rfbD,enzyme; Central intermediary metabolism: Sugar-nucleotide,"biosynthesis, conversions"
b2041,rfbB,enzyme; Central intermediary metabolism: Sugar-nucleotide,"biosynthesis, conversions"
b2042,galF,putative enzyme; Central intermediary metabolism: Sugar-,"nucleotide biosynthesis, conversions"
b2043,wcaM,orf; Unknown,
b2044,wcaL,putative enzyme; Not classified,
b2045,wcaK,putative enzyme; Not classified,
b2046,wzxC,"putative transport; Protein, peptide secretion",
b2047,wcaJ,putative enzyme; Not classified,
b2048,cpsG,"enzyme; Central intermediary metabolism: Pool, multipurpose",conversions
b2049,cpsB,enzyme; Central intermediary metabolism: Sugar-nucleotide,"biosynthesis, conversions"
b2050,wcaI,putative enzyme; Not classified,
b2051,wcaH,enzyme; Central intermediary metabolism: Sugar-nucleotide,"biosynthesis, conversions"
b2052,wcaG,putative enzyme; Not classified,
b2053,gmd,enzyme; Central intermediary metabolism: Sugar-nucleotide,"biosynthesis, conversions"
b2054,wcaF,putative enzyme; Not classified,
b2055,wcaE,putative enzyme; Not classified,
b2056,wcaD,putative enzyme; Phage-related functions and prophages,
b2057,wcaC,putative enzyme; Not classified,
b2058,wcaB,putative enzyme; Not classified,
b2059,wcaA,putative regulator; Not classified,
b2060,wzc,orf; Unknown,
b2061,wzb,putative enzyme; Not classified,
b2062,wza,putative transport; Not classified,
b2080,yegP,orf; Unknown,
b2081,yegQ,orf; Unknown,
b2082,ogrK,"IS, phage, Tn; Phage-related functions and prophages",
b2083,b2083,orf; Unknown,
b2084,b2084,orf; Unknown,
b2085,yegR,orf; Unknown,
b2086,yegS,orf; Unknown,
b2087,gatR_1,regulator; Degradation of small molecules: Carbon compounds,
b2090,gatR_2,regulator; Degradation of small molecules: Carbon compounds,
b2091,gatD,enzyme; Degradation of small molecules: Carbon compounds,
b2092,gatC,"transport; Transport of small molecules: Carbohydrates, organic","acids, alcohols"
b2093,gatB,"enzyme; Transport of small molecules: Carbohydrates, organic","acids, alcohols"
b2094,gatA,"enzyme; Transport of small molecules: Carbohydrates, organic","acids, alcohols"
b2095,gatZ,putative enzyme; Not classified,
b2096,gatY,enzyme; Degradation of small molecules: Carbon compounds,
b2119,yehL,orf; Unknown,
b2120,yehM,orf; Unknown,
b2121,yehP,orf; Unknown,
b2122,yehQ,orf; Unknown,
b2123,yehR,orf; Unknown,
b2124,yehS,orf; Unknown,
b2125,yehT,orf; Unknown,
b2126,yehU,putative regulator; Not classified,
b2127,yehV,putative regulator; Not classified,
b2128,yehW,putative transport; Not classified,
b2129,yehX,putative transport; Not classified,
b2130,yehY,putative transport; Not classified,
b2131,yehZ,putative transport; Not classified,
b2132,bglX,enzyme; Degradation of small molecules: Carbon compounds,
b2133,dld,"enzyme; Energy metabolism, carbon: Aerobic respiration",
b2134,pbpG,"putative enzyme; Murein sacculus, peptidoglycan",
b2135,yohC,orf; Unknown,
b2136,yohD,orf; Unknown,
b2137,yohF,putative enzyme; Not classified,
b2138,yohG,orf; Not classified,
b2139,yohH,orf; Unknown,
b2140,yohI,putative regulator; Not classified,
b2141,yohJ,orf; Unknown,
b2142,yohK,putative transport; Not classified,
b2143,cdd,enzyme; Salvage of nucleosides and nucleotides,
b2144,sanA,transport; Drug/analog sensitivity,
b2145,yeiS,orf; Unknown,
b2146,yeiT,putative enzyme; Not classified,
b2147,yeiA,putative enzyme; Not classified,
b2190,yejO,putative transport; Not classified,
b2192,trs5_8,"IS, phage, Tn; Transposon-related functions",
b2219,atoS,regulator; Not classified,
b2220,atoC,regulator; Degradation of small molecules: Fatty acids,
b2221,atoD,enzyme; Degradation of small molecules: Fatty acids,
b2222,atoA,enzyme; Degradation of small molecules: Fatty acids,
b2223,atoE,transport; Degradation of small molecules: Fatty acids,
b2224,atoB,enzyme; Degradation of small molecules: Fatty acids,
b2225,yfaP,orf; Unknown,
b2226,yfaQ,orf; Unknown,
b2227,yfaS_2,orf; Unknown,
b2228,yfaS_1,putative membrane; Not classified,
b2229,yfaT,orf; Unknown,
b2230,yfaA,orf; Unknown,
b2349,intS,"IS, phage, Tn; Not classified",
b2350,yfdG,orf; Unknown,
b2351,yfdH,putative enzyme; Not classified,
b2352,yfdI,putative enzyme; Not classified,
b2353,tfaS,orf; Unknown,
b2354,yfdK,orf; Unknown,
b2355,yfdL,putative enzyme; Not classified,
b2356,yfdM,orf; Unknown,
b2357,yfdN,orf; Unknown,
b2358,yfdO,orf; Unknown,
b2359,yfdP,orf; Unknown,
b2360,yfdQ,orf; Unknown,
b2361,yfdR,orf; Unknown,
b2362,yfdS,orf; Unknown,
b2363,yfdT,orf; Unknown,
b2389,yfeO,orf; Unknown,
b2390,ypeC,orf; Unknown,
b2392,mntH,putative transport; Not classified,
b2393,nupC,"transport; Transport of small molecules: Nucleosides, purines,",pyrimidines
b2395,yfeA,orf; Unknown,
b2441,eutB,enzyme; Degradation of small molecules: Amines,
b2442,b2442,"IS, phage, Tn; Not classified",
b2443,b2443,orf; Unknown,
b2444,b2444,orf; Unknown,
b2445,b2445,orf; Unknown,
b2446,b2446,orf; Unknown,
b2447,b2447,orf; Unknown,
b2448,b2448,orf; Unknown,
b2449,b2449,orf; Unknown,
b2450,b2450,orf; Unknown,
b2481,hyfA,"putative enzyme; Energy metabolism, carbon: Anaerobic",respiration
b2482,hyfB,"enzyme; Energy metabolism, carbon: Anaerobic respiration",
b2483,hyfC,"enzyme; Energy metabolism, carbon: Anaerobic respiration",
b2484,hyfD,"enzyme; Energy metabolism, carbon: Anaerobic respiration",
b2485,hyfE,"enzyme; Energy metabolism, carbon: Anaerobic respiration",
b2486,hyfF,"enzyme; Energy metabolism, carbon: Anaerobic respiration",
b2487,hyfG,"enzyme; Energy metabolism, carbon: Anaerobic respiration",
b2488,hyfH,"enzyme; Energy metabolism, carbon: Anaerobic respiration",
b2489,hyfI,"enzyme; Energy metabolism, carbon: Anaerobic respiration",
b2490,hyfJ,putative factor; Not classified,
b2491,hyfR,putative regulator; Not classified,
b2492,focB,"putative transport; Transport of small molecules: Carbohydrates,","organic acids, alcohols"
b2493,perM,putative transport; Not classified,
b2622,intA,"IS, phage, Tn; Phage-related functions and prophages",
b2623,yfjH,putative factor; Not classified,
b2624,alpA,"IS, phage, Tn; Phage-related functions and prophages",
b2625,yfjI,orf; Unknown,
b2626,yfjJ,orf; Unknown,
b2627,yfjK,orf; Unknown,
b2628,yfjL,orf; Unknown,
b2629,yfjM,orf; Unknown,
b2630,yfjN,phenotype; Not classified,
b2631,yfjO,orf; Unknown,
b2632,yfjP,phenotype; Not classified,
b2633,yfjQ,orf; Unknown,
b2634,yfjR,orf; Unknown,
b2636,b2636,orf; Unknown,
b2637,yfjT,orf; Unknown,
b2638,b2638,orf; Unknown,
b2639,b2639,putative transport; Not classified,
b2640,b2640,orf; Unknown,
b2641,b2641,orf; Unknown,
b2642,yfjW,orf; Unknown,
b2643,yfjX,orf; Unknown,
b2644,yfjY,putative enzyme; Not classified,
b2645,yfjZ,orf; Unknown,
b2646,ypjF,orf; Unknown,
b2647,ypjA,putative transport; Not classified,
b2648,b2648,orf; Unknown,
b2649,b2649,orf; Unknown,
b2650,b2650,orf; Unknown,
b2651,b2651,orf; Unknown,
b2652,ileY,RNA; tRNA,
b2653,b2653,orf; Unknown,
b2654,b2654,orf; Unknown,
b2655,b2655,orf; Unknown,
b2656,b2656,orf; Unknown,
b2657,b2657,putative enzyme; Not classified,
b2658,b2658,orf; Unknown,
b2659,b2659,orf; Unknown,
b2660,ygaF,orf; Unknown,
b2856,b2856,orf; Unknown,
b2857,b2857,orf; Unknown,
b2858,b2858,orf; Unknown,
b2859,b2859,orf; Unknown,
b2860,yi22_4,"IS, phage, Tn; Transposon-related functions",
b2862,ygeP,orf; Unknown,
b2863,ygeQ,orf; Unknown,
b2945,endA,enzyme; Degradation of DNA,
b2968,yghD,putative transport; Not classified,
b2969,yghE,putative transport; Not classified,
b2970,b2970,putative transport; Not classified,
b2971,b2971,orf; Unknown,
b2972,pppA,putative enzyme; Not classified,
b2973,b2973,orf; Unknown,
b2974,b2974,putative structure; Not classified,
b2975,yghK,putative transport; Not classified,
b2976,glcB,enzyme; Central intermediary metabolism: Glyoxylate bypass,
b2977,glcG,orf; Unknown,
b2978,glcF,"enzyme; Central intermediary metabolism: Pool, multipurpose",conversions
b2979,glcD,enzyme; Degradation of small molecules: Carbon compounds,
b2980,glcC,regulator; Degradation of small molecules: Carbon compounds,
b2981,b2981,orf; Unknown,
b2983,yghQ,orf; Unknown,
b2984,yghR,orf; Unknown,
b2985,yghS,orf; Unknown,
b2986,yghT,orf; Unknown,
b2987,pitB,transport; Transport of small molecules: Anions,
b3042,yqiC,orf; Unknown,
b3043,ygiL,putative structure; Not classified,
b3044,yi21_5,"IS, phage, Tn; Transposon-related functions",
b3046,yqiG,putative membrane; Not classified,
b3047,yqiH,putative membrane; Not classified,
b3048,yqiI,orf; Unknown,
b3214,gltF,"regulator; Central intermediary metabolism: Pool, multipurpose",conversions
b3215,yhcA,putative factor; Not classified,
b3216,yhcD,putative membrane; Not classified,
b3217,yhcE,orf; Unknown,
b3219,yhcF,putative regulator; Not classified,
b3323,gspA,putative transport; Not classified,
b3324,gspC,putative transport; Not classified,
b3325,gspD,putative transport; Not classified,
b3326,gspE,putative transport; Not classified,
b3327,gspF,putative transport; Not classified,
b3328,gspG,putative transport; Not classified,
b3329,gspH,putative transport; Not classified,
b3330,gspI,putative transport; Not classified,
b3331,gspJ,putative transport; Not classified,
b3332,gspK,putative transport; Not classified,
b3333,gspL,putative transport; Not classified,
b3334,gspM,putative transport; Not classified,
b3335,gspO,"enzyme; Degradation of proteins, peptides, glyco",
b3336,bfr,carrier; Transport of small molecules: Cations,
b3337,bfd,orf; Unknown,
b3338,chiA,putative enzyme; Not classified,
b3440,yhhX,putative regulator; Not classified,
b3441,yhhY,orf; Unknown,
b3442,yhhZ,orf; Unknown,
b3443,yrhA,orf; Unknown,
b3481,nikR,orf; Unknown,
b3482,rhsB,orf; Transposon-related functions,
b3483,yhhH,orf; Unknown,
b3484,yhhI,putative factor; Not classified,
b3503,arsC,enzyme; Drug/analog sensitivity,
b3504,yhiS,orf; Unknown,
b3556,cspA,"regulator; Adaptations, atypical conditions",
b3557,yi5A,"IS, phage, Tn; Transposon-related functions",
b3558,t150,"IS, phage, Tn; Transposon-related functions",
b3572,avtA,enzyme; Amino acid biosynthesis: Alanine,
b3573,yiaI,orf; Unknown,
b3574,yiaJ,putative regulator; Not classified,
b3575,yiaK,putative enzyme; Not classified,
b3576,yiaL,putative enzyme; Not classified,
b3577,yiaM,orf; Unknown,
b3578,yiaN,putative membrane; Not classified,
b3579,yiaO,putative transport; Not classified,
b3580,lyxK,enzyme; Degradation of small molecules: Carbon compounds,
b3581,sgbH,"putative enzyme; Central intermediary metabolism: Pool,",multipurpose conversions
b3582,sgbU,"putative enzyme; Central intermediary metabolism: Pool,",multipurpose conversions
b3583,sgbE,putative enzyme; Not classified,
b3584,yiaT,putative membrane; Not classified,
b3585,yiaU,putative regulator; Not classified,
b3586,yiaV,putative membrane; Not classified,
b3587,yiaW,orf; Unknown,
b3592,yibF,putative enzyme; Not classified,
b3593,rhsA,orf; Transposon-related functions,
b3594,yibA,orf; Unknown,
b3595,yibJ,orf; Unknown,
b3596,yibG,orf; Unknown,
b3706,trmE,putative enzyme; Detoxification,
b3707,tnaL,leader; Degradation of small molecules: Amino acids,
b3708,tnaA,enzyme; Degradation of small molecules: Amino acids,
b3709,tnaB,"transport; Transport of small molecules: Amino acids, amines",
b3710,yidY,putative transport; Not classified,
b3711,yidZ,putative regulator; Not classified,
b3712,yieE,orf; Unknown,
b3713,yieF,orf; Unknown,
b3714,yieG,putative transport; Not classified,
b3715,yieH,putative enzyme; Not classified,
b3716,yieI,orf; Unknown,
b3717,yieJ,orf; Unknown,
b3718,yieK,putative enzyme; Not classified,
b3719,yieL,putative enzyme; Not classified,
b3720,yieC,putative membrane; Not classified,
b3721,bglB,enzyme; Degradation of small molecules: Carbon compounds,
b3722,bglF,"enzyme; Transport of small molecules: Carbohydrates, organic","acids, alcohols"
b3723,bglG,regulator; Degradation of small molecules: Carbon compounds,
b4079,fdhF,"enzyme; Energy metabolism, carbon: Anaerobic respiration",
b4080,yjcP,orf; Not classified,
b4081,yjcQ,orf; Not classified,
b4082,yjcR,putative membrane; Not classified,
b4083,yjcS,orf; Unknown,
b4084,alsK,putative regulator; Not classified,
b4085,alsE,putative enzyme; Not classified,
b4086,alsC,putative transport; Not classified,
b4087,alsA,putative transport; Not classified,
b4088,alsB,putative regulator; Not classified,
b4089,rpiR,regulator; Central intermediary metabolism: Non-oxidative,"branch, pentose pathway"
b4090,rpiB,"enzyme; Central intermediary metabolism: Non-oxidative branch,",pentose pathway
b4091,phnQ,orf; Unknown,
b4092,phnP,phenotype; Central intermediary metabolism: Phosphorus,compounds
b4093,phnO,putative regulator; Not classified,
b4094,phnN,transport; Central intermediary metabolism: Phosphorus,compounds
b4095,phnM,phenotype; Central intermediary metabolism: Phosphorus,compounds
b4096,phnL,transport; Central intermediary metabolism: Phosphorus,compounds
b4097,phnK,transport; Central intermediary metabolism: Phosphorus,compounds
b4098,phnJ,putative enzyme; Central intermediary metabolism: Phosphorus,compounds
b4099,phnI,phenotype; Central intermediary metabolism: Phosphorus,compounds
b4100,phnH,phenotype; Central intermediary metabolism: Phosphorus,compounds
b4101,phnG,phenotype; Central intermediary metabolism: Phosphorus,compounds
b4102,phnF,putative regulator; Not classified,
b4103,b4103,orf; Unknown,
b4104,phnE,transport; Transport of small molecules: Anions,
b4105,phnD,transport; Transport of small molecules: Anions,
b4106,phnC,transport; Central intermediary metabolism: Phosphorus,compounds
b4271,intB,"IS, phage, Tn; Phage-related functions and prophages",
b4272,yi21_6,"IS, phage, Tn; Transposon-related functions",
b4274,yjgW,orf; Unknown,
b4275,yjgX,orf; Unknown,
b4276,yjgY,orf; Unknown,
b4277,yjgZ,orf; Unknown,
b4278,yi41,"IS, phage, Tn; Transposon-related functions",
b4279,yjhB,putative transport; Not classified,
b4280,yjhC,orf; Not classified,
b4281,yjhD,orf; Unknown,
b4282,yjhE,orf; Unknown,
b4283,yi91b,"IS, phage, Tn; Transposon-related functions",
b4284,tra8_3,"IS, phage, Tn; Transposon-related functions",
b4285,b4285,"IS, phage, Tn; Not classified",
b4286,b4286,orf; Unknown,
b4287,fecE,transport; Transport of small molecules: Cations,
b4288,fecD,transport; Transport of small molecules: Cations,
b4289,fecC,transport; Transport of small molecules: Cations,
b4290,fecB,transport; Transport of small molecules: Cations,
b4291,fecA,membrane; Transport of small molecules: Cations,
b4292,fecR,regulator; Transport of small molecules: Cations,
b4293,fecI,regulator; Global regulatory functions,
b4294,insA_7,"IS, phage, Tn; Transposon-related functions",
b4295,yjhU,orf; Unknown,
b4296,yjhF,putative transport; Not classified,
b4297,yjhG,putative enzyme; Not classified,
b4298,yjhH,putative enzyme; Not classified,
b4299,yjhI,putative regulator; Not classified,
b4300,sgcR,putative regulator; Not classified,
b4301,sgcE,putative enzyme; Not classified,
b4302,sgcA,putative transport; Not classified,
b4303,sgcQ,putative enzyme; Not classified,
b4304,sgcC,putative transport; Not classified,
b4305,sgcX,putative enzyme; Not classified,
b4306,yjhP,putative enzyme; Not classified,
b4307,yjhQ,orf; Unknown,
b4308,yjhR,phenotype; Not classified,
b4309,yjhS,orf; Unknown,
b4310,yjhT,orf; Unknown,
b4311,yjhA,orf; Unknown,
b4312,fimB,regulator; Surface structures,
b4313,fimE,regulator; Surface structures,
b4314,fimA,structural component; Surface structures,
b4315,fimI,structural component; Surface structures,
b4316,fimC,factor; Surface structures,
b4317,fimD,membrane; Outer membrane constituents,
b4318,fimF,structural component; Surface structures,
b4319,fimG,structural component; Surface structures,
b4320,fimH,structural component; Surface structures,
b4324,uxuR,regulator; Degradation of small molecules: Carbon compounds,
b4325,yjiC,orf; Unknown,
b4326,yjiD,orf; Unknown,
b4327,yjiE,putative regulator; Not classified,
b4328,iadA,"enzyme; Degradation of proteins, peptides, glyco",
b4329,yjiG,orf; Unknown,
b4330,yjiH,orf; Unknown,
b4331,kptA,orf; Unknown,
b4332,yjiJ,putative transport; Not classified,
b4333,yjiK,orf; Unknown,
b4334,yjiL,putative enzyme; Not classified,
b4335,yjiM,orf; Unknown,
b4336,yjiN,orf; Unknown,
b4337,yjiO,putative transport; Not classified,
b4338,yjiP,orf; Unknown,
b4339,yjiQ,orf; Unknown,
b4340,yjiR,putative regulator; Not classified,
b4341,yjiS,orf; Unknown,
b4342,yjiT,orf; Unknown,
b4343,yjiU,orf; Unknown,
b4344,mcrD,regulator; Degradation of DNA,
b4345,mcrC,enzyme; Degradation of DNA,
b4346,mcrB,enzyme; Degradation of DNA,
b4347,yjiW,orf; Unknown,
b4348,hsdS,"enzyme; DNA - replication, repair, restriction/modification",
b4349,hsdM,"enzyme; DNA - replication, repair, restriction/modification",
b4350,hsdR,enzyme; Degradation of DNA,
b4351,mrr,"enzyme; DNA - replication, repair, restriction/modification",
b4352,yjiA,orf; Unknown,
b4353,yjiX,orf; Unknown,
b4354,yjiY,orf; Not classified,
b4355,tsr,regulator; Chemotaxis and mobility,
b4356,yjiZ,putative transport; Not classified,
b4357,yjjM,orf; Unknown,
b4358,yjjN,putative enzyme; Not classified,
